0.0,nan
0.8296593186372745,nan
1.659318637274549,nan
2.4889779559118237,nan
3.318637274549098,nan
4.148296593186372,nan
4.977955911823647,nan
5.807615230460922,nan
6.637274549098196,nan
7.46693386773547,nan
8.296593186372744,nan
9.126252505010019,nan
9.955911823647295,nan
10.785571142284569,nan
11.615230460921843,nan
12.444889779559118,nan
13.274549098196392,nan
14.104208416833666,nan
14.93386773547094,nan
15.763527054108216,nan
16.59318637274549,nan
17.42284569138276,nan
18.252505010020037,nan
19.082164328657317,nan
19.91182364729459,nan
20.741482965931862,nan
21.571142284569138,nan
22.400801603206414,nan
23.230460921843687,nan
24.06012024048096,nan
24.889779559118235,nan
25.71943887775551,nan
26.549098196392784,nan
27.378757515030056,nan
28.208416833667332,nan
29.03807615230461,nan
29.86773547094188,nan
30.697394789579153,nan
31.527054108216433,nan
32.35671342685371,nan
33.18637274549098,nan
34.016032064128254,nan
34.84569138276552,nan
35.675350701402806,nan
36.505010020040075,nan
37.33466933867735,nan
38.164328657314634,nan
38.9939879759519,nan
39.82364729458918,nan
40.65330661322645,nan
41.482965931863724,nan
42.312625250501,nan
43.142284569138276,nan
43.971943887775545,nan
44.80160320641283,nan
45.6312625250501,nan
46.46092184368737,nan
47.29058116232464,nan
48.12024048096192,nan
48.949899799599194,nan
49.77955911823647,nan
50.609218436873746,nan
51.43887775551102,nan
52.2685370741483,nan
53.09819639278557,nan
53.92785571142284,nan
54.75751503006011,nan
55.587174348697395,nan
56.416833667334664,nan
57.24649298597194,nan
58.07615230460922,nan
58.90581162324649,nan
59.73547094188376,nan
60.56513026052104,nan
61.39478957915831,nan
62.22444889779559,nan
63.054108216432866,nan
63.883767535070135,1491.753601802216
64.71342685370742,1473.2433855673894
65.54308617234469,1454.7331693325632
66.37274549098196,1436.2229530977365
67.20240480961924,1417.83051976034
68.03206412825651,1401.2617115175944
68.86172344689379,1384.6929032748485
69.69138276553105,1368.1240950321028
70.52104208416833,1351.5552867893568
71.35070140280561,1335.777040445156
72.18036072144288,1320.946520703279
73.01002004008015,1306.116000961402
73.83967935871743,1291.285481219525
74.6693386773547,1276.454961477648
75.49899799599199,1262.5358738086475
76.32865731462927,1249.2614104649142
77.15831663326652,1235.986947121181
77.9879759519038,1222.7124837774477
78.81763527054107,1209.4380204337147
79.64729458917836,1196.774336773233
80.47695390781563,1184.89309745046
81.3066132264529,1173.0118581276872
82.13627254509018,1161.130618804914
82.96593186372745,1149.2493794821414
83.79559118236472,1137.3681401593685
84.625250501002,1126.730203358033
85.45490981963927,1116.0964159793007
86.28456913827655,1105.462628600568
87.11422845691382,1094.8288412218355
87.94388777555109,1084.195053843103
88.77354709418837,1073.83321545912
89.60320641282566,1064.3162959300168
90.43286573146293,1054.7993764009136
91.2625250501002,1045.2824568718102
92.09218436873746,1035.765537342707
92.92184368737475,1026.2486178136035
93.75150300601203,1016.8924570414724
94.58116232464928,1008.3754461108542
95.41082164328657,999.8584351802359
96.24048096192384,991.3414242496178
97.07014028056112,982.8244133189995
97.89979959919839,974.3074023883812
98.72945891783566,965.7903914577631
99.55911823647294,957.9210327041585
100.38877755511022,950.2919708947295
101.21843687374749,942.6629090853007
102.04809619238476,935.0338472758718
102.87775551102204,927.4047854664428
103.70741482965931,919.775723657014
104.5370741482966,912.146661847585
105.36673346693385,905.2736834582421
106.19639278557113,898.4528542641168
107.02605210420842,891.6320250699916
107.85571142284569,884.8111958758665
108.68537074148296,877.9903666817412
109.51503006012022,871.169537487616
110.34468937875751,864.3487082934909
111.17434869739479,858.0624251465376
112.00400801603206,851.9590064265298
112.83366733466933,845.8555877065219
113.66332665330661,839.752168986514
114.49298597194388,833.6487502665061
115.32264529058116,827.5453315464982
116.15230460921843,821.4419128264904
116.9819639278557,815.4294409074048
117.81162324649299,809.96827910632
118.64128256513025,804.5071173052354
119.47094188376752,799.0459555041506
120.3006012024048,793.5847937030659
121.13026052104208,788.1236319019813
121.95991983967936,782.6624701008965
122.78957915831661,777.2013082998119
123.6192384769539,771.7980815266997
124.44889779559118,766.9117005940047
125.27855711422845,762.02531966131
126.10821643286573,757.1389387286151
126.937875751503,752.2525577959203
127.76753507014027,747.3661768632256
128.59719438877752,742.4797959305308
129.42685370741484,737.5934149978359
130.2565130260521,732.7070340651412
131.08617234468937,728.1252440431854
131.91583166332666,723.7487793439238
132.7454909819639,719.3723146446623
133.5751503006012,714.9958499454009
134.40480961923848,710.6193852461392
135.23446893787573,706.2429205468778
136.06412825651302,701.8664558476164
136.8937875751503,697.4899911483548
137.72344689378758,693.1135264490933
138.55310621242484,689.0216543277439
139.3827655310621,685.1090093232214
140.2124248496994,681.1963643186987
141.04208416833666,677.2837193141761
141.87174348697394,673.3710743096536
142.70140280561122,669.458429305131
143.53106212424848,665.5457843006084
144.36072144288576,661.6331392960858
145.19038076152304,657.7204942915632
146.0200400801603,653.851120556592
146.84969939879758,650.3499772574434
147.67935871743487,646.8488339582946
148.50901803607215,643.3476906591458
149.3386773547094,639.8465473599971
150.1683366733467,636.3454040608483
150.99799599198397,632.8442607616995
151.82765531062122,629.3431174625508
152.65731462925854,625.841974163402
153.4869739478958,622.3408308642532
154.31663326653305,618.8581255631784
155.14629258517033,615.7221507648951
155.9759519038076,612.5861759666118
156.80561122244487,609.4502011683286
157.63527054108215,606.3142263700453
158.46492985971943,603.178251571762
159.29458917835672,600.0422767734788
160.12424849699397,596.9063019751954
160.95390781563125,593.7703271769121
161.78356713426854,590.6343523786289
162.6132264529058,587.4983775803456
163.4428857715431,584.50448645013
164.27254509018036,581.7000388891704
165.1022044088176,578.8955913282109
165.9318637274549,576.0911437672514
166.76152304609218,573.2866962062917
167.59118236472943,570.4822486453322
168.42084168336672,567.6778010843727
169.250501002004,564.873353523413
170.08016032064128,562.0689059624535
170.90981963927854,559.264458401494
171.73947895791582,556.4600108405344
172.5691382765531,553.7107710540836
173.39879759519036,551.1974923782816
174.22845691382764,548.6842137024795
175.05811623246493,546.1709350266775
175.88777555110218,543.6576563508755
176.7174348697395,541.1443776750735
177.54709418837675,538.6310989992716
178.376753507014,536.1178203234696
179.2064128256513,533.6045416476675
180.03607214428857,531.0912629718655
180.86573146292585,528.5779842960635
181.6953907815631,526.0647056202615
182.5250501002004,523.6367698768353
183.35470941883767,521.3878133967784
184.18436873747493,519.1388569167215
185.0140280561122,516.8899004366644
185.8436873747495,514.6409439566075
186.67334669338675,512.3919874765506
187.50300601202406,510.1430309964936
188.3326653306613,507.8940745164367
189.16232464929857,505.6451180363798
189.99198396793588,503.3961615563228
190.82164328657313,501.1472050762659
191.65130260521042,498.898248596209
192.48096192384767,496.649292116152
193.31062124248496,494.57970862204957
194.14028056112224,492.5623628322251
194.9699398797595,490.5450170424007
195.79959919839678,488.5276712525761
196.62925851703406,486.51032546275167
197.45891783567131,484.4929796729272
198.28857715430863,482.4756338831027
199.11823647294588,480.4582880932782
199.94789579158314,478.44094230345377
200.77755511022045,476.42359651362926
201.6072144288577,474.40625072380476
202.43687374749499,472.3889049339803
203.26653306613227,470.3715591441558
204.09619238476952,468.4658712072638
204.9258517034068,466.6562552270335
205.7555110220441,464.84663924680314
206.58517034068134,463.0370232665729
207.41482965931863,461.22740728634255
208.24448897795588,459.4177913061123
209.0741482965932,457.608175325882
209.90380761523045,455.79855934565165
210.7334669338677,453.9889433654214
211.56312625250501,452.179327385191
212.39278557114227,450.36971140496075
213.22244488977955,448.5600954247305
214.05210420841684,446.7504794445001
214.8817635270541,444.94086346426985
215.71142284569137,443.23802627580574
216.54108216432866,441.6142803978222
217.3707414829659,439.99053451983866
218.2004008016032,438.3667886418552
219.03006012024045,436.74304276387164
219.85971943887776,435.1192968858881
220.68937875751502,433.49555100790457
221.51903807615227,431.8718051299211
222.34869739478958,430.2480592519375
223.17835671342684,428.624313373954
224.00801603206412,427.0005674959705
224.8376753507014,425.37682161798693
225.66733466933866,423.7530757400034
226.49699398797594,422.1293298620199
227.32665330661322,420.5055839840363
228.15631262525048,419.019009513514
228.98597194388776,417.556682385771
229.81563126252505,416.094355258028
230.64529058116233,414.63202813028494
231.47494989979958,413.16970100254196
232.30460921843687,411.7073738747989
233.13426853707415,410.24504674705594
233.9639278557114,408.7827196193129
234.79358717434866,407.3203924915699
235.62324649298597,405.8580653638269
236.45290581162322,404.39573823608384
237.2825651302605,402.93341110834086
238.1122244488978,401.4710839805978
238.94188376753505,400.0087568528548
239.77154308617233,398.5464297251118
240.6012024048096,397.1383028665693
241.4308617234469,395.81905939119184
242.26052104208415,394.4998159158144
243.09018036072143,393.1805724404369
243.91983967935872,391.86132896505944
244.74949899799597,390.542085489682
245.57915831663323,389.22284201430455
246.40881763527054,387.9035985389271
247.2384769539078,386.58435506354965
248.06813627254508,385.2651115881722
248.89779559118236,383.9458681127947
249.7274549098196,382.62662463741725
250.5571142284569,381.3073811620398
251.38677354709415,379.98813768666236
252.21643286573146,378.6688942112848
253.04609218436875,377.34965073590735
253.875751503006,376.04932888933695
254.70541082164328,374.8546543809505
255.53507014028054,373.65997987256407
256.3647294589178,372.4653053641776
257.19438877755505,371.2706308557911
258.0240480961924,370.0759563474046
258.85370741482967,368.88128183901813
259.6833667334669,367.68660733063166
260.5130260521042,366.4919328222452
261.34268537074144,365.2972583138587
262.17234468937875,364.1025838054723
263.00200400801606,362.9079092970857
263.8316633266533,361.7132347886993
264.66132264529057,360.51856028031284
265.4909819639278,359.32388577192637
266.32064128256513,358.1292112635399
267.1503006012024,356.93453675515343
267.97995991983964,355.76087630110163
268.80961923847696,354.67316940070253
269.6392785571142,353.5854625003035
270.46893787575146,352.4977555999045
271.2985971943888,351.41004869950547
272.12825651302603,350.3223417991064
272.9579158316633,349.2346348987074
273.7875751503006,348.1469279983083
274.61723446893785,347.0592210979093
275.44689378757516,345.97151419751026
276.2765531062124,344.8838072971112
277.1062124248497,343.7961003967122
277.9358717434869,342.7083934963132
278.7655310621242,341.62068659591415
279.59519038076155,340.53297969551505
280.4248496993988,339.445272795116
281.25450901803606,338.357565894717
282.0841683366733,337.269858994318
282.91382765531057,336.23334200489217
283.7434869739479,335.23468191009806
284.5731462925852,334.23602181530384
285.40280561122245,333.23736172050974
286.2324649298597,332.2387016257156
287.06212424849696,331.2400415309215
287.89178356713427,330.2413814361273
288.7214428857715,329.2427213413332
289.55110220440883,328.244061246539
290.3807615230461,327.2454011517449
291.21042084168334,326.2467410569507
292.0400801603206,325.2480809621566
292.8697394789579,324.24942086736246
293.69939879759517,323.25076077256836
294.5290581162324,322.2521006777742
295.35871743486973,321.25344058298003
296.188376753507,320.2547804881859
297.0180360721443,319.25612039339177
297.84769539078155,318.2882953212396
298.6773547094188,317.3641220910116
299.50701402805606,316.4399488607836
300.3366733466934,315.51577563055554
301.1663326653307,314.5916024003276
301.99599198396794,313.6674291700996
302.8256513026052,312.7432559398716
303.65531062124245,311.81908270964357
304.4849699398797,310.89490947941556
305.3146292585171,309.9707362491875
306.1442885771543,309.0465630189595
306.9739478957916,308.1223897887315
307.80360721442884,307.1982165585035
308.6332665330661,306.2740433282755
309.46292585170335,305.3498700980475
310.29258517034066,304.4256968678195
311.12224448897797,303.50152363759145
311.9519038076152,302.57735040736344
312.7815631262525,301.65317717713543
313.61122244488973,300.77809162633537
314.44088176352705,299.9120458576488
315.2705410821643,299.0460000889623
316.1002004008016,298.17995432027567
316.92985971943887,297.3139085515891
317.7595190380761,296.4478627829026
318.58917835671343,295.581817014216
319.4188376753507,294.7157712455295
320.24849699398794,293.84972547684293
321.0781563126252,292.9836797081564
321.9078156312625,292.1176339394698
322.7374749498998,291.25158817078324
323.5671342685371,290.3855424020967
324.39679358717433,289.5194966334101
325.2264529058116,288.6534508647236
326.05611222444884,287.787405096037
326.8857715430862,286.9213593273504
327.71543086172346,286.05531355866384
328.5450901803607,285.19341460197035
329.37474949899797,284.3714435276162
330.2044088176352,283.54947245326196
331.0340681362725,282.7275013789078
331.8637274549098,281.90553030455357
332.6933867735471,281.08355923019934
333.52304609218436,280.2615881558451
334.3527054108216,279.43961708149095
335.18236472945887,278.6176460071367
336.0120240480962,277.79567493278256
336.84168336673343,276.97370385842834
337.67134268537075,276.1517327840741
338.501002004008,275.3297617097199
339.33066132264526,274.5077906353657
340.16032064128257,273.6858195610115
340.9899799599198,272.86384848665733
341.8196392785571,272.0418774123031
342.6492985971944,271.2199063379489
343.47895791583164,270.39793526359466
344.30861723446895,269.59026857878973
345.1382765531062,268.8040150010516
345.96793587174346,268.0177614233135
346.7975951903807,267.2315078455754
347.627254509018,266.4452542678373
348.4569138276553,265.6590006900991
349.2865731462926,264.872747112361
350.11623246492985,264.0864935346229
350.9458917835671,263.3002399568848
351.77555110220436,262.5139863791467
352.6052104208416,261.7277328014086
353.434869739479,260.94147922367046
354.26452905811624,260.1552256459323
355.0941883767535,259.36897206819424
355.92384769539075,258.5827184904561
356.753507014028,257.796464912718
357.5831663326653,257.0102113349799
358.4128256513026,256.22395775724175
359.2424849699399,255.4377041795036
360.07214428857714,254.68004777299373
360.9018036072144,253.92527358767356
361.7314629258517,253.17049940235339
362.56112224448896,252.41572521703324
363.3907815631262,251.66095103171307
364.2204408817635,250.90617684639287
365.0501002004008,250.15140266107272
365.8797595190381,249.39662847575255
366.70941883767534,248.64185429043238
367.5390781563126,247.88708010511223
368.36873747494985,247.13230591979206
369.19839679358716,246.37753173447186
370.0280561122244,245.6227575491517
370.85771543086173,244.86798336383154
371.687374749499,244.11320917851137
372.51703406813624,243.35843499319122
373.3466933867735,242.60366080787105
374.17635270541075,241.8488866225509
375.0060120240481,241.1155015385934
375.8356713426854,240.39214152392702
376.6653306613226,239.66878150926067
377.4949899799599,238.9454214945943
378.32464929859714,238.22206147992793
379.15430861723445,237.49870146526158
379.98396793587176,236.77534145059516
380.813627254509,236.05198143592878
381.64328657314627,235.32862142126243
382.4729458917835,234.60526140659607
383.30260521042084,233.8819013919297
384.1322645290581,233.15854137726333
384.96192384769535,232.43518136259698
385.79158316633266,231.71182134793054
386.6212424849699,230.98846133326418
387.45090180360717,230.26510131859783
388.2805611222445,229.54174130393145
389.11022044088173,228.8183812892651
389.939879759519,228.1307959624364
390.7695390781563,227.45971370565184
391.59919839679355,226.7886314488673
392.42885771543087,226.11754919208278
393.2585170340681,225.44646693529828
394.0881763527054,224.77538467851375
394.91783567134263,224.10430242172922
395.74749498997994,223.43322016494466
396.57715430861725,222.76213790816013
397.4068136272545,222.09105565137563
398.23647294589176,221.4199733945911
399.066132264529,220.74889113780657
399.8957915831663,220.07780888102207
400.7254509018036,219.40672662423754
401.5551102204409,218.73564436745298
402.38476953907815,218.06456211066845
403.2144288577154,217.39347985388395
404.04408817635266,216.72239759709942
404.87374749498997,216.06440466002525
405.7034068136272,215.4331295876218
406.53306613226454,214.80185451521834
407.3627254509018,214.17057944281493
408.19238476953905,213.5393043704115
409.0220440881763,212.90802929800805
409.8517034068136,212.27675422560463
410.68136272545087,211.6454791532012
411.5110220440882,211.01420408079773
412.34068136272543,210.3829290083943
413.1703406813627,209.75165393599087
414.0,209.12037886358746
